{"": {"A": 0.1906637613141133, "C": 0.35367080120683875, "G": 0.28209855849815624, "T": 0.1735668789808917}, "A": {"A": 0.19296703296703296, "C": 0.33472527472527475, "G": 0.307032967032967, "T": 0.16527472527472528}, "AA": {"A": 0.224373576309795, "C": 0.3678815489749431, "G": 0.265375854214123, "T": 0.14236902050113895}, "AAA": {"A": 0.29441624365482233, "C": 0.2639593908629442, "G": 0.27411167512690354, "T": 0.16751269035532995}, "CAA": {"A": 0.19794344473007713, "C": 0.4498714652956298, "G": 0.2236503856041131, "T": 0.12853470437017994}, "ACAA": {"A": 0.21875, "C": 0.4375, "G": 0.17708333333333334, "T": 0.16666666666666666}, "CACAA": {"A": 0.375, "C": 0.25, "G": 0.041666666666666664, "T": 0.3333333333333333}, "CCAA": {"A": 0.19672131147540983, "C": 0.5, "G": 0.22131147540983606, "T": 0.08196721311475409}, "CCCAA": {"A": 0.1, "C": 0.5333333333333333, "G": 0.3333333333333333, "T": 0.03333333333333333}, "GAA": {"A": 0.1780821917808219, "C": 0.3150684931506849, "G": 0.3698630136986301, "T": 0.136986301369863}, "CGAA": {"A": 0.25, "C": 0.1388888888888889, "G": 0.5277777777777778, "T": 0.08333333333333333}, "TAA": {"A": 0.3150684931506849, "C": 0.3698630136986301, "G": 0.1506849315068493, "T": 0.1643835616438356}, "CTAA": {"A": 0.2, "C": 0.56, "G": 0.2, "T": 0.04}, "CA": {"A": 0.20992984349703184, "C": 0.2908796546141392, "G": 0.3232595790609822, "T": 0.17593092282784673}, "ACA": {"A": 0.2689075630252101, "C": 0.27450980392156865, "G": 0.22408963585434175, "T": 0.23249299719887956}, "CCA": {"A": 0.18654434250764526, "C": 0.3318042813455658, "G": 0.308868501529052, "T": 0.172782874617737}, "ACCA": {"A": 0.2119205298013245, "C": 0.33774834437086093, "G": 0.31788079470198677, "T": 0.13245033112582782}, "AACCA": {"A": 0.1111111111111111, "C": 0.2962962962962963, "G": 0.5555555555555556, "T": 0.037037037037037035}, "GCCA": {"A": 0.1782178217821782, "C": 0.3118811881188119, "G": 0.30198019801980197, "T": 0.2079207920792079}, "AGCCA": {"A": 0.10714285714285714, "C": 0.17857142857142858, "G": 0.5714285714285714, "T": 0.14285714285714285}, "GCA": {"A": 0.16973415132924335, "C": 0.261758691206544, "G": 0.43558282208588955, "T": 0.1329243353783231}, "GGCA": {"A": 0.15702479338842976, "C": 0.2644628099173554, "G": 0.38016528925619836, "T": 0.19834710743801653}, "GGGCA": {"A": 0.2222222222222222, "C": 0.4, "G": 0.2, "T": 0.17777777777777778}, "TGCA": {"A": 0.15, "C": 0.15, "G": 0.55, "T": 0.15}, "GA": {"A": 0.16331096196868009, "C": 0.3333333333333333, "G": 0.36092468307233405, "T": 0.1424310216256525}, "AGA": {"A": 0.17708333333333334, "C": 0.34375, "G": 0.2604166666666667, "T": 0.21875}, "CGA": {"A": 0.11145510835913312, "C": 0.30959752321981426, "G": 0.47368421052631576, "T": 0.10526315789473684}, "ACGA": {"A": 0.11267605633802817, "C": 0.16901408450704225, "G": 0.6197183098591549, "T": 0.09859154929577464}, "GGA": {"A": 0.15483870967741936, "C": 0.34408602150537637, "G": 0.4043010752688172, "T": 0.0967741935483871}, "AGGA": {"A": 0.14965986394557823, "C": 0.32653061224489793, "G": 0.4421768707482993, "T": 0.08163265306122448}, "AAGGA": {"A": 0.05, "C": 0.25, "G": 0.35, "T": 0.35}, "CAGGA": {"A": 0.29545454545454547, "C": 0.3181818181818182, "G": 0.36363636363636365, "T": 0.022727272727272728}, "GGGA": {"A": 0.17708333333333334, "C": 0.4583333333333333, "G": 0.3125, "T": 0.052083333333333336}, "TGA": {"A": 0.22641509433962265, "C": 0.3320754716981132, "G": 0.25660377358490566, "T": 0.18490566037735848}, "TTGA": {"A": 0.13953488372093023, "C": 0.2558139534883721, "G": 0.32558139534883723, "T": 0.27906976744186046}, "TTTGA": {"A": 0.041666666666666664, "C": 0.375, "G": 0.4166666666666667, "T": 0.16666666666666666}, "TA": {"A": 0.15271966527196654, "C": 0.4476987447698745, "G": 0.1694560669456067, "T": 0.2301255230125523}, "ATA": {"A": 0.15789473684210525, "C": 0.27631578947368424, "G": 0.2631578947368421, "T": 0.3026315789473684}, "AATA": {"A": 0.35, "C": 0.15, "G": 0.1, "T": 0.4}, "CTA": {"A": 0.10824742268041238, "C": 0.6185567010309279, "G": 0.10309278350515463, "T": 0.17010309278350516}, "ACTA": {"A": 0.02564102564102564, "C": 0.6923076923076923, "G": 0.15384615384615385, "T": 0.1282051282051282}, "GTA": {"A": 0.15517241379310345, "C": 0.45689655172413796, "G": 0.23275862068965517, "T": 0.15517241379310345}, "AGTA": {"A": 0.041666666666666664, "C": 0.625, "G": 0.20833333333333334, "T": 0.125}, "TTA": {"A": 0.2391304347826087, "C": 0.21739130434782608, "G": 0.15217391304347827, "T": 0.391304347826087}, "C": {"A": 0.21954976303317536, "C": 0.3412322274881517, "G": 0.2409952606635071, "T": 0.19822274881516588}, "AC": {"A": 0.23440577806959947, "C": 0.4024950755088641, "G": 0.21339461588969139, "T": 0.14970453053184504}, "AAC": {"A": 0.34055727554179566, "C": 0.29721362229102166, "G": 0.18575851393188855, "T": 0.17647058823529413}, "CAC": {"A": 0.15955473098330242, "C": 0.5194805194805194, "G": 0.21335807050092764, "T": 0.10760667903525047}, "ACAC": {"A": 0.19387755102040816, "C": 0.5612244897959183, "G": 0.16326530612244897, "T": 0.08163265306122448}, "CACAC": {"A": 0.12903225806451613, "C": 0.6774193548387096, "G": 0.03225806451612903, "T": 0.16129032258064516}, "GACAC": {"A": 0.25, "C": 0.32142857142857145, "G": 0.35714285714285715, "T": 0.07142857142857142}, "TAC": {"A": 0.2616822429906542, "C": 0.3364485981308411, "G": 0.16822429906542055, "T": 0.2336448598130841}, "CC": {"A": 0.22708333333333333, "C": 0.2833333333333333, "G": 0.2659722222222222, "T": 0.22361111111111112}, "ACC": {"A": 0.2463295269168026, "C": 0.23491027732463296, "G": 0.2626427406199021, "T": 0.2561174551386623}, "CACC": {"A": 0.2642857142857143, "C": 0.20357142857142857, "G": 0.30357142857142855, "T": 0.22857142857142856}, "CCACC": {"A": 0.3106796116504854, "C": 0.14563106796116504, "G": 0.33980582524271846, "T": 0.20388349514563106}, "ACCACC": {"A": 0.5, "C": 0.038461538461538464, "G": 0.19230769230769232, "T": 0.2692307692307692}, "GACC": {"A": 0.21212121212121213, "C": 0.2727272727272727, "G": 0.2545454545454545, "T": 0.2606060606060606}, "AGACC": {"A": 0.38095238095238093, "C": 0.2619047619047619, "G": 0.2619047619047619, "T": 0.09523809523809523}, "GCC": {"A": 0.23488372093023255, "C": 0.29069767441860467, "G": 0.29534883720930233, "T": 0.17906976744186046}, "CGCC": {"A": 0.21823204419889503, "C": 0.27071823204419887, "G": 0.3397790055248619, "T": 0.1712707182320442}, "GCGCC": {"A": 0.18867924528301888, "C": 0.3113207547169811, "G": 0.33962264150943394, "T": 0.16037735849056603}, "AGCGCC": {"A": 0.25, "C": 0.08333333333333333, "G": 0.375, "T": 0.2916666666666667}, "GGCC": {"A": 0.31718061674008813, "C": 0.2599118942731278, "G": 0.2511013215859031, "T": 0.17180616740088106}, "AGGCC": {"A": 0.36538461538461536, "C": 0.09615384615384616, "G": 0.34615384615384615, "T": 0.19230769230769232}, "TCC": {"A": 0.233502538071066, "C": 0.27411167512690354, "G": 0.21658206429780033, "T": 0.27580372250423013}, "CTCC": {"A": 0.213768115942029, "C": 0.2536231884057971, "G": 0.2536231884057971, "T": 0.27898550724637683}, "CCTCC": {"A": 0.10569105691056911, "C": 0.23577235772357724, "G": 0.3170731707317073, "T": 0.34146341463414637}, "GC": {"A": 0.1956, "C": 0.344, "G": 0.2688, "T": 0.1916}, "AGC": {"A": 0.26383763837638374, "C": 0.24538745387453875, "G": 0.28413284132841327, "T": 0.2066420664206642}, "CGC": {"A": 0.14400921658986174, "C": 0.41705069124423966, "G": 0.2534562211981567, "T": 0.18548387096774194}, "GGC": {"A": 0.18818040435458788, "C": 0.35303265940902023, "G": 0.3048211508553655, "T": 0.15396578538102643}, "CGGC": {"A": 0.1735159817351598, "C": 0.3378995433789954, "G": 0.3242009132420091, "T": 0.1643835616438356}, "ACGGC": {"A": 0.20689655172413793, "C": 0.4482758620689655, "G": 0.3103448275862069, "T": 0.034482758620689655}, "GGGC": {"A": 0.27439024390243905, "C": 0.2621951219512195, "G": 0.2865853658536585, "T": 0.17682926829268292}, "TGGGC": {"A": 0.45652173913043476, "C": 0.2391304347826087, "G": 0.21739130434782608, "T": 0.08695652173913043}, "TGGC": {"A": 0.15753424657534246,